Workbook

Sheet Dashboard
A1: VALVIC MARCENARIA
A2: Vargas Decor Ltda · CNPJ 17.269.304/0001-51 · Belo Horizonte / MG
A3: PAINEL DE FORNECEDORES
A4: Tudo calculado a partir das abas Fornecedores, Compras e Ocorrências · período controlado na aba Listas
A6: POSIÇÃO DO PERÍODO
B8: FORNECEDORES CADASTRADOS | F8: COMPRAS NO PERÍODO | J8: Nº DE COMPRAS
B9: =COUNTIF(Fornecedores!$A$7:$A$66,"?*") | F9: =SUM(Fornecedores!$Q$7:$Q$66) | J9: =SUM(Fornecedores!$S$7:$S$66)
B11: OCORRÊNCIAS REGISTRADAS | F11: ÍNDICE DE PROBLEMAS GERAL | J11: MAIOR CONCENTRAÇÃO
B12: =SUM(Fornecedores!$T$7:$T$66) | F12: =IF(SUM(Fornecedores!$S$7:$S$66)=0,"",SUM(Fornecedores!$T$7:$T$66)/SUM(Fornecedores!$S$7:$S$66)) | J12: =IF(SUM(Fornecedores!$Q$7:$Q$66)=0,"",MAX(Fornecedores!$R$7:$R$66))
B14: FORNECEDORES ATIVOS | F14: SCORE MÉDIO DA BASE | J14: FORNECEDORES RESTRITOS OU BLOQUEADOS
B15: =COUNTIF(Fornecedores!$M$7:$M$66,"Ativo")+COUNTIF(Fornecedores!$M$7:$M$66,"Preferencial") | F15: =IF(COUNT(Fornecedores!$W$7:$W$66)=0,"",ROUND(AVERAGE(Fornecedores!$W$7:$W$66),2)) | J15: =COUNTIF(Fornecedores!$M$7:$M$66,"Restrito")+COUNTIF(Fornecedores!$M$7:$M$66,"Bloqueado")
A17: ONDE O DINHEIRO ESTÁ INDO
B19: POR SEGMENTO | F19: POR SITUAÇÃO | J19: OCORRÊNCIAS POR TIPO
C20: Fornec. | D20: Compras | G20: Fornec. | H20: Compras | K20: Total | L20: Graves
B21: Chapas e madeiras | C21: =COUNTIF(Fornecedores!$C$7:$C$66,$B21) | D21: =SUMIF(Fornecedores!$C$7:$C$66,$B21,Fornecedores!$Q$7:$Q$66) | F21: Ativo | G21: =COUNTIF(Fornecedores!$M$7:$M$66,$F21) | H21: =SUMIF(Fornecedores!$M$7:$M$66,$F21,Fornecedores!$Q$7:$Q$66) | J21: Atraso na entrega | K21: =COUNTIF(Ocorrências!$E$7:$E$156,$J21) | L21: =COUNTIFS(Ocorrências!$E$7:$E$156,$J21,Ocorrências!$F$7:$F$156,"Alta")
B22: Ferragens e acessórios | C22: =COUNTIF(Fornecedores!$C$7:$C$66,$B22) | D22: =SUMIF(Fornecedores!$C$7:$C$66,$B22,Fornecedores!$Q$7:$Q$66) | F22: Em avaliação | G22: =COUNTIF(Fornecedores!$M$7:$M$66,$F22) | H22: =SUMIF(Fornecedores!$M$7:$M$66,$F22,Fornecedores!$Q$7:$Q$66) | J22: Item errado | K22: =COUNTIF(Ocorrências!$E$7:$E$156,$J22) | L22: =COUNTIFS(Ocorrências!$E$7:$E$156,$J22,Ocorrências!$F$7:$F$156,"Alta")
B23: Fitas de borda | C23: =COUNTIF(Fornecedores!$C$7:$C$66,$B23) | D23: =SUMIF(Fornecedores!$C$7:$C$66,$B23,Fornecedores!$Q$7:$Q$66) | F23: Preferencial | G23: =COUNTIF(Fornecedores!$M$7:$M$66,$F23) | H23: =SUMIF(Fornecedores!$M$7:$M$66,$F23,Fornecedores!$Q$7:$Q$66) | J23: Quantidade divergente | K23: =COUNTIF(Ocorrências!$E$7:$E$156,$J23) | L23: =COUNTIFS(Ocorrências!$E$7:$E$156,$J23,Ocorrências!$F$7:$F$156,"Alta")
B24: Colas e adesivos | C24: =COUNTIF(Fornecedores!$C$7:$C$66,$B24) | D24: =SUMIF(Fornecedores!$C$7:$C$66,$B24,Fornecedores!$Q$7:$Q$66) | F24: Restrito | G24: =COUNTIF(Fornecedores!$M$7:$M$66,$F24) | H24: =SUMIF(Fornecedores!$M$7:$M$66,$F24,Fornecedores!$Q$7:$Q$66) | J24: Avaria no transporte | K24: =COUNTIF(Ocorrências!$E$7:$E$156,$J24) | L24: =COUNTIFS(Ocorrências!$E$7:$E$156,$J24,Ocorrências!$F$7:$F$156,"Alta")
B25: Iluminação | C25: =COUNTIF(Fornecedores!$C$7:$C$66,$B25) | D25: =SUMIF(Fornecedores!$C$7:$C$66,$B25,Fornecedores!$Q$7:$Q$66) | F25: Bloqueado | G25: =COUNTIF(Fornecedores!$M$7:$M$66,$F25) | H25: =SUMIF(Fornecedores!$M$7:$M$66,$F25,Fornecedores!$Q$7:$Q$66) | J25: Qualidade abaixo do padrão | K25: =COUNTIF(Ocorrências!$E$7:$E$156,$J25) | L25: =COUNTIFS(Ocorrências!$E$7:$E$156,$J25,Ocorrências!$F$7:$F$156,"Alta")
B26: Vidros e espelhos | C26: =COUNTIF(Fornecedores!$C$7:$C$66,$B26) | D26: =SUMIF(Fornecedores!$C$7:$C$66,$B26,Fornecedores!$Q$7:$Q$66) | F26: Inativo | G26: =COUNTIF(Fornecedores!$M$7:$M$66,$F26) | H26: =SUMIF(Fornecedores!$M$7:$M$66,$F26,Fornecedores!$Q$7:$Q$66) | J26: Cobrança indevida | K26: =COUNTIF(Ocorrências!$E$7:$E$156,$J26) | L26: =COUNTIFS(Ocorrências!$E$7:$E$156,$J26,Ocorrências!$F$7:$F$156,"Alta")
B27: Pedras e superfícies | C27: =COUNTIF(Fornecedores!$C$7:$C$66,$B27) | D27: =SUMIF(Fornecedores!$C$7:$C$66,$B27,Fornecedores!$Q$7:$Q$66) | J27: Nota fiscal incorreta | K27: =COUNTIF(Ocorrências!$E$7:$E$156,$J27) | L27: =COUNTIFS(Ocorrências!$E$7:$E$156,$J27,Ocorrências!$F$7:$F$156,"Alta")
B28: Tintas e acabamentos | C28: =COUNTIF(Fornecedores!$C$7:$C$66,$B28) | D28: =SUMIF(Fornecedores!$C$7:$C$66,$B28,Fornecedores!$Q$7:$Q$66) | J28: Falta de retorno do vendedor | K28: =COUNTIF(Ocorrências!$E$7:$E$156,$J28) | L28: =COUNTIFS(Ocorrências!$E$7:$E$156,$J28,Ocorrências!$F$7:$F$156,"Alta")
B29: Ferramentas e consumíveis | C29: =COUNTIF(Fornecedores!$C$7:$C$66,$B29) | D29: =SUMIF(Fornecedores!$C$7:$C$66,$B29,Fornecedores!$Q$7:$Q$66) | J29: Outro | K29: =COUNTIF(Ocorrências!$E$7:$E$156,$J29) | L29: =COUNTIFS(Ocorrências!$E$7:$E$156,$J29,Ocorrências!$F$7:$F$156,"Alta")
B30: Serviços terceirizados | C30: =COUNTIF(Fornecedores!$C$7:$C$66,$B30) | D30: =SUMIF(Fornecedores!$C$7:$C$66,$B30,Fornecedores!$Q$7:$Q$66)
B31: Máquinas e equipamentos | C31: =COUNTIF(Fornecedores!$C$7:$C$66,$B31) | D31: =SUMIF(Fornecedores!$C$7:$C$66,$B31,Fornecedores!$Q$7:$Q$66)
B32: Logística e transporte | C32: =COUNTIF(Fornecedores!$C$7:$C$66,$B32) | D32: =SUMIF(Fornecedores!$C$7:$C$66,$B32,Fornecedores!$Q$7:$Q$66)
B33: Outros | C33: =COUNTIF(Fornecedores!$C$7:$C$66,$B33) | D33: =SUMIF(Fornecedores!$C$7:$C$66,$B33,Fornecedores!$Q$7:$Q$66)
B34: Total | C34: =SUM(C21:C33) | D34: =SUM(D21:D33) | F34: Total | G34: =SUM(G21:G26) | H34: =SUM(H21:H26) | J34: Total | K34: =SUM(K21:K29) | L34: =SUM(L21:L29)
A36: COMO LER ESTE PAINEL
B38: • Nada aqui é digitado — tudo vem das abas Fornecedores, Compras e Ocorrências.
B39: • O período de análise é definido pelas duas datas na aba Listas. Mudou lá, muda tudo aqui.
B40: • "Maior concentração" é o percentual de compra do fornecedor mais forte. Acima de 40%, a dependência já é um risco de negociação e de abastecimento.
B41: • O índice de problemas é ocorrências dividido por compras — é medida, não impressão. Um fornecedor barato com 30% de problemas custa caro.
B42: • Preço, atendimento e qualidade continuam sendo julgamento seu; o score apenas combina esse julgamento com o histórico real.

Sheet Fornecedores
A1: VALVIC MARCENARIA
A2: Vargas Decor Ltda · CNPJ 17.269.304/0001-51 · Belo Horizonte / MG
A3: GESTÃO DE FORNECEDORES
A4: Cadastro único · fundo creme = preencher · fundo cinza-azulado = calculado a partir das abas Compras e Ocorrências
A6: Código | B6: Empresa | C6: Segmento | D6: Insumos que fornece | E6: CNPJ | F6: Vendedor | G6: Contato / WhatsApp | H6: E-mail | I6: Chave PIX | J6: Tipo da chave | K6: Métodos de pagamento | L6: Condição padrão | M6: Situação | N6: Preço (1–5) | O6: Atendimento (1–5) | P6: Qualidade (1–5) | Q6: Compras no período | R6: % de compra | S6: Nº de compras | T6: Ocorrências | U6: Índice de problemas | V6: Entregas no prazo | W6: Score geral | X6: Última compra | Y6: Pontos de atenção
A7: FOR-001 | B7: MADEGEM — Comércio de Madeiras Ltda | C7: Chapas e madeiras | D7: MDF, MDP, compensado, chapas cruas e revestidas | M7: Ativo | Q7: =SUMIFS(Compras!$F$7:$F$306,Compras!$B$7:$B$306,$A7,Compras!$A$7:$A$306,">="&Listas!$L$2,Compras!$A$7:$A$306,"<="&Listas!$L$3) | R7: =IF($Q$67=0,"",$Q7/$Q$67) | S7: =COUNTIFS(Compras!$B$7:$B$306,$A7,Compras!$A$7:$A$306,">="&Listas!$L$2,Compras!$A$7:$A$306,"<="&Listas!$L$3) | T7: =COUNTIFS(Ocorrências!$B$7:$B$156,$A7,Ocorrências!$A$7:$A$156,">="&Listas!$L$2,Ocorrências!$A$7:$A$156,"<="&Listas!$L$3) | U7: =IF($S7=0,"",$T7/$S7) | V7: =IF(COUNTIFS(Compras!$B$7:$B$306,$A7,Compras!$I$7:$I$306,"Sim",Compras!$A$7:$A$306,">="&Listas!$L$2,Compras!$A$7:$A$306,"<="&Listas!$L$3)+COUNTIFS(Compras!$B$7:$B$306,$A7,Compras!$I$7:$I$306,"Não",Compras!$A$7:$A$306,">="&Listas!$L$2,Compras!$A$7:$A$306,"<="&Listas!$L$3)=0,"",COUNTIFS(Compras!$B$7:$B$306,$A7,Compras!$I$7:$I$306,"Sim",Compras!$A$7:$A$306,">="&Listas!$L$2,Compras!$A$7:$A$306,"<="&Listas!$L$3)/(COUNTIFS(Compras!$B$7:$B$306,$A7,Compras!$I$7:$I$306,"Sim",Compras!$A$7:$A$306,">="&Listas!$L$2,Compras!$A$7:$A$306,"<="&Listas!$L$3)+COUNTIFS(Compras!$B$7:$B$306,$A7,Compras!$I$7:$I$306,"Não",Compras!$A$7:$A$306,">="&Listas!$L$2,Compras!$A$7:$A$306,"<="&Listas!$L$3))) | W7: =IF(COUNT($N7:$P7)<3,"",ROUND(($N7*0.35+$O7*0.35+$P7*0.3)*(1-IF($U7="",0,$U7)),2)) | X7: =IF($S7=0,"",SUMPRODUCT(MAX((Compras!$B$7:$B$306=$A7)*Compras!$A$7:$A$306)))
A8: FOR-002 | B8: Bigfer | C8: Ferragens e acessórios | D8: Ferragens, corrediças, dobradiças, puxadores | M8: Ativo | Q8: =SUMIFS(Compras!$F$7:$F$306,Compras!$B$7:$B$306,$A8,Compras!$A$7:$A$306,">="&Listas!$L$2,Compras!$A$7:$A$306,"<="&Listas!$L$3) | R8: =IF($Q$67=0,"",$Q8/$Q$67) | S8: =COUNTIFS(Compras!$B$7:$B$306,$A8,Compras!$A$7:$A$306,">="&Listas!$L$2,Compras!$A$7:$A$306,"<="&Listas!$L$3) | T8: =COUNTIFS(Ocorrências!$B$7:$B$156,$A8,Ocorrências!$A$7:$A$156,">="&Listas!$L$2,Ocorrências!$A$7:$A$156,"<="&Listas!$L$3) | U8: =IF($S8=0,"",$T8/$S8) | V8: =IF(COUNTIFS(Compras!$B$7:$B$306,$A8,Compras!$I$7:$I$306,"Sim",Compras!$A$7:$A$306,">="&Listas!$L$2,Compras!$A$7:$A$306,"<="&Listas!$L$3)+COUNTIFS(Compras!$B$7:$B$306,$A8,Compras!$I$7:$I$306,"Não",Compras!$A$7:$A$306,">="&Listas!$L$2,Compras!$A$7:$A$306,"<="&Listas!$L$3)=0,"",COUNTIFS(Compras!$B$7:$B$306,$A8,Compras!$I$7:$I$306,"Sim",Compras!$A$7:$A$306,">="&Listas!$L$2,Compras!$A$7:$A$306,"<="&Listas!$L$3)/(COUNTIFS(Compras!$B$7:$B$306,$A8,Compras!$I$7:$I$306,"Sim",Compras!$A$7:$A$306,">="&Listas!$L$2,Compras!$A$7:$A$306,"<="&Listas!$L$3)+COUNTIFS(Compras!$B$7:$B$306,$A8,Compras!$I$7:$I$306,"Não",Compras!$A$7:$A$306,">="&Listas!$L$2,Compras!$A$7:$A$306,"<="&Listas!$L$3))) | W8: =IF(COUNT($N8:$P8)<3,"",ROUND(($N8*0.35+$O8*0.35+$P8*0.3)*(1-IF($U8="",0,$U8)),2)) | X8: =IF($S8=0,"",SUMPRODUCT(MAX((Compras!$B$7:$B$306=$A8)*Compras!$A$7:$A$306)))
A9: FOR-003 | B9: JR Ferragens | C9: Ferragens e acessórios | D9: Ferragens em geral e acessórios de montagem | M9: Ativo | Q9: =SUMIFS(Compras!$F$7:$F$306,Compras!$B$7:$B$306,$A9,Compras!$A$7:$A$306,">="&Listas!$L$2,Compras!$A$7:$A$306,"<="&Listas!$L$3) | R9: =IF($Q$67=0,"",$Q9/$Q$67) | S9: =COUNTIFS(Compras!$B$7:$B$306,$A9,Compras!$A$7:$A$306,">="&Listas!$L$2,Compras!$A$7:$A$306,"<="&Listas!$L$3) | T9: =COUNTIFS(Ocorrências!$B$7:$B$156,$A9,Ocorrências!$A$7:$A$156,">="&Listas!$L$2,Ocorrências!$A$7:$A$156,"<="&Listas!$L$3) | U9: =IF($S9=0,"",$T9/$S9) | V9: =IF(COUNTIFS(Compras!$B$7:$B$306,$A9,Compras!$I$7:$I$306,"Sim",Compras!$A$7:$A$306,">="&Listas!$L$2,Compras!$A$7:$A$306,"<="&Listas!$L$3)+COUNTIFS(Compras!$B$7:$B$306,$A9,Compras!$I$7:$I$306,"Não",Compras!$A$7:$A$306,">="&Listas!$L$2,Compras!$A$7:$A$306,"<="&Listas!$L$3)=0,"",COUNTIFS(Compras!$B$7:$B$306,$A9,Compras!$I$7:$I$306,"Sim",Compras!$A$7:$A$306,">="&Listas!$L$2,Compras!$A$7:$A$306,"<="&Listas!$L$3)/(COUNTIFS(Compras!$B$7:$B$306,$A9,Compras!$I$7:$I$306,"Sim",Compras!$A$7:$A$306,">="&Listas!$L$2,Compras!$A$7:$A$306,"<="&Listas!$L$3)+COUNTIFS(Compras!$B$7:$B$306,$A9,Compras!$I$7:$I$306,"Não",Compras!$A$7:$A$306,">="&Listas!$L$2,Compras!$A$7:$A$306,"<="&Listas!$L$3))) | W9: =IF(COUNT($N9:$P9)<3,"",ROUND(($N9*0.35+$O9*0.35+$P9*0.3)*(1-IF($U9="",0,$U9)),2)) | X9: =IF($S9=0,"",SUMPRODUCT(MAX((Compras!$B$7:$B$306=$A9)*Compras!$A$7:$A$306)))
A10: FOR-004 | B10: MGV Distribuidora de Ferragens e Parafusos | C10: Ferragens e acessórios | D10: Parafusos, buchas, fixadores e ferragens | M10: Ativo | Q10: =SUMIFS(Compras!$F$7:$F$306,Compras!$B$7:$B$306,$A10,Compras!$A$7:$A$306,">="&Listas!$L$2,Compras!$A$7:$A$306,"<="&Listas!$L$3) | R10: =IF($Q$67=0,"",$Q10/$Q$67) | S10: =COUNTIFS(Compras!$B$7:$B$306,$A10,Compras!$A$7:$A$306,">="&Listas!$L$2,Compras!$A$7:$A$306,"<="&Listas!$L$3) | T10: =COUNTIFS(Ocorrências!$B$7:$B$156,$A10,Ocorrências!$A$7:$A$156,">="&Listas!$L$2,Ocorrências!$A$7:$A$156,"<="&Listas!$L$3) | U10: =IF($S10=0,"",$T10/$S10) | V10: =IF(COUNTIFS(Compras!$B$7:$B$306,$A10,Compras!$I$7:$I$306,"Sim",Compras!$A$7:$A$306,">="&Listas!$L$2,Compras!$A$7:$A$306,"<="&Listas!$L$3)+COUNTIFS(Compras!$B$7:$B$306,$A10,Compras!$I$7:$I$306,"Não",Compras!$A$7:$A$306,">="&Listas!$L$2,Compras!$A$7:$A$306,"<="&Listas!$L$3)=0,"",COUNTIFS(Compras!$B$7:$B$306,$A10,Compras!$I$7:$I$306,"Sim",Compras!$A$7:$A$306,">="&Listas!$L$2,Compras!$A$7:$A$306,"<="&Listas!$L$3)/(COUNTIFS(Compras!$B$7:$B$306,$A10,Compras!$I$7:$I$306,"Sim",Compras!$A$7:$A$306,">="&Listas!$L$2,Compras!$A$7:$A$306,"<="&Listas!$L$3)+COUNTIFS(Compras!$B$7:$B$306,$A10,Compras!$I$7:$I$306,"Não",Compras!$A$7:$A$306,">="&Listas!$L$2,Compras!$A$7:$A$306,"<="&Listas!$L$3))) | W10: =IF(COUNT($N10:$P10)<3,"",ROUND(($N10*0.35+$O10*0.35+$P10*0.3)*(1-IF($U10="",0,$U10)),2)) | X10: =IF($S10=0,"",SUMPRODUCT(MAX((Compras!$B$7:$B$306=$A10)*Compras!$A$7:$A$306)))
A11: FOR-005 | B11: Ferragens Ipê | C11: Ferragens e acessórios | D11: Ferragens e acessórios diversos | M11: Ativo | Q11: =SUMIFS(Compras!$F$7:$F$306,Compras!$B$7:$B$306,$A11,Compras!$A$7:$A$306,">="&Listas!$L$2,Compras!$A$7:$A$306,"<="&Listas!$L$3) | R11: =IF($Q$67=0,"",$Q11/$Q$67) | S11: =COUNTIFS(Compras!$B$7:$B$306,$A11,Compras!$A$7:$A$306,">="&Listas!$L$2,Compras!$A$7:$A$306,"<="&Listas!$L$3) | T11: =COUNTIFS(Ocorrências!$B$7:$B$156,$A11,Ocorrências!$A$7:$A$156,">="&Listas!$L$2,Ocorrências!$A$7:$A$156,"<="&Listas!$L$3) | U11: =IF($S11=0,"",$T11/$S11) | V11: =IF(COUNTIFS(Compras!$B$7:$B$306,$A11,Compras!$I$7:$I$306,"Sim",Compras!$A$7:$A$306,">="&Listas!$L$2,Compras!$A$7:$A$306,"<="&Listas!$L$3)+COUNTIFS(Compras!$B$7:$B$306,$A11,Compras!$I$7:$I$306,"Não",Compras!$A$7:$A$306,">="&Listas!$L$2,Compras!$A$7:$A$306,"<="&Listas!$L$3)=0,"",COUNTIFS(Compras!$B$7:$B$306,$A11,Compras!$I$7:$I$306,"Sim",Compras!$A$7:$A$306,">="&Listas!$L$2,Compras!$A$7:$A$306,"<="&Listas!$L$3)/(COUNTIFS(Compras!$B$7:$B$306,$A11,Compras!$I$7:$I$306,"Sim",Compras!$A$7:$A$306,">="&Listas!$L$2,Compras!$A$7:$A$306,"<="&Listas!$L$3)+COUNTIFS(Compras!$B$7:$B$306,$A11,Compras!$I$7:$I$306,"Não",Compras!$A$7:$A$306,">="&Listas!$L$2,Compras!$A$7:$A$306,"<="&Listas!$L$3))) | W11: =IF(COUNT($N11:$P11)<3,"",ROUND(($N11*0.35+$O11*0.35+$P11*0.3)*(1-IF($U11="",0,$U11)),2)) | X11: =IF($S11=0,"",SUMPRODUCT(MAX((Compras!$B$7:$B$306=$A11)*Compras!$A$7:$A$306)))
Q12: =SUMIFS(Compras!$F$7:$F$306,Compras!$B$7:$B$306,$A12,Compras!$A$7:$A$306,">="&Listas!$L$2,Compras!$A$7:$A$306,"<="&Listas!$L$3) | R12: =IF($Q$67=0,"",$Q12/$Q$67) | S12: =COUNTIFS(Compras!$B$7:$B$306,$A12,Compras!$A$7:$A$306,">="&Listas!$L$2,Compras!$A$7:$A$306,"<="&Listas!$L$3) | T12: =COUNTIFS(Ocorrências!$B$7:$B$156,$A12,Ocorrências!$A$7:$A$156,">="&Listas!$L$2,Ocorrências!$A$7:$A$156,"<="&Listas!$L$3) | U12: =IF($S12=0,"",$T12/$S12) | V12: =IF(COUNTIFS(Compras!$B$7:$B$306,$A12,Compras!$I$7:$I$306,"Sim",Compras!$A$7:$A$306,">="&Listas!$L$2,Compras!$A$7:$A$306,"<="&Listas!$L$3)+COUNTIFS(Compras!$B$7:$B$306,$A12,Compras!$I$7:$I$306,"Não",Compras!$A$7:$A$306,">="&Listas!$L$2,Compras!$A$7:$A$306,"<="&Listas!$L$3)=0,"",COUNTIFS(Compras!$B$7:$B$306,$A12,Compras!$I$7:$I$306,"Sim",Compras!$A$7:$A$306,">="&Listas!$L$2,Compras!$A$7:$A$306,"<="&Listas!$L$3)/(COUNTIFS(Compras!$B$7:$B$306,$A12,Compras!$I$7:$I$306,"Sim",Compras!$A$7:$A$306,">="&Listas!$L$2,Compras!$A$7:$A$306,"<="&Listas!$L$3)+COUNTIFS(Compras!$B$7:$B$306,$A12,Compras!$I$7:$I$306,"Não",Compras!$A$7:$A$306,">="&Listas!$L$2,Compras!$A$7:$A$306,"<="&Listas!$L$3))) | W12: =IF(COUNT($N12:$P12)<3,"",ROUND(($N12*0.35+$O12*0.35+$P12*0.3)*(1-IF($U12="",0,$U12)),2)) | X12: =IF($S12=0,"",SUMPRODUCT(MAX((Compras!$B$7:$B$306=$A12)*Compras!$A$7:$A$306)))
Q13: =SUMIFS(Compras!$F$7:$F$306,Compras!$B$7:$B$306,$A13,Compras!$A$7:$A$306,">="&Listas!$L$2,Compras!$A$7:$A$306,"<="&Listas!$L$3) | R13: =IF($Q$67=0,"",$Q13/$Q$67) | S13: =COUNTIFS(Compras!$B$7:$B$306,$A13,Compras!$A$7:$A$306,">="&Listas!$L$2,Compras!$A$7:$A$306,"<="&Listas!$L$3) | T13: =COUNTIFS(Ocorrências!$B$7:$B$156,$A13,Ocorrências!$A$7:$A$156,">="&Listas!$L$2,Ocorrências!$A$7:$A$156,"<="&Listas!$L$3) | U13: =IF($S13=0,"",$T13/$S13) | V13: =IF(COUNTIFS(Compras!$B$7:$B$306,$A13,Compras!$I$7:$I$306,"Sim",Compras!$A$7:$A$306,">="&Listas!$L$2,Compras!$A$7:$A$306,"<="&Listas!$L$3)+COUNTIFS(Compras!$B$7:$B$306,$A13,Compras!$I$7:$I$306,"Não",Compras!$A$7:$A$306,">="&Listas!$L$2,Compras!$A$7:$A$306,"<="&Listas!$L$3)=0,"",COUNTIFS(Compras!$B$7:$B$306,$A13,Compras!$I$7:$I$306,"Sim",Compras!$A$7:$A$306,">="&Listas!$L$2,Compras!$A$7:$A$306,"<="&Listas!$L$3)/(COUNTIFS(Compras!$B$7:$B$306,$A13,Compras!$I$7:$I$306,"Sim",Compras!$A$7:$A$306,">="&Listas!$L$2,Compras!$A$7:$A$306,"<="&Listas!$L$3)+COUNTIFS(Compras!$B$7:$B$306,$A13,Compras!$I$7:$I$306,"Não",Compras!$A$7:$A$306,">="&Listas!$L$2,Compras!$A$7:$A$306,"<="&Listas!$L$3))) | W13: =IF(COUNT($N13:$P13)<3,"",ROUND(($N13*0.35+$O13*0.35+$P13*0.3)*(1-IF($U13="",0,$U13)),2)) | X13: =IF($S13=0,"",SUMPRODUCT(MAX((Compras!$B$7:$B$306=$A13)*Compras!$A$7:$A$306)))
Q14: =SUMIFS(Compras!$F$7:$F$306,Compras!$B$7:$B$306,$A14,Compras!$A$7:$A$306,">="&Listas!$L$2,Compras!$A$7:$A$306,"<="&Listas!$L$3) | R14: =IF($Q$67=0,"",$Q14/$Q$67) | S14: =COUNTIFS(Compras!$B$7:$B$306,$A14,Compras!$A$7:$A$306,">="&Listas!$L$2,Compras!$A$7:$A$306,"<="&Listas!$L$3) | T14: =COUNTIFS(Ocorrências!$B$7:$B$156,$A14,Ocorrências!$A$7:$A$156,">="&Listas!$L$2,Ocorrências!$A$7:$A$156,"<="&Listas!$L$3) | U14: =IF($S14=0,"",$T14/$S14) | V14: =IF(COUNTIFS(Compras!$B$7:$B$306,$A14,Compras!$I$7:$I$306,"Sim",Compras!$A$7:$A$306,">="&Listas!$L$2,Compras!$A$7:$A$306,"<="&Listas!$L$3)+COUNTIFS(Compras!$B$7:$B$306,$A14,Compras!$I$7:$I$306,"Não",Compras!$A$7:$A$306,">="&Listas!$L$2,Compras!$A$7:$A$306,"<="&Listas!$L$3)=0,"",COUNTIFS(Compras!$B$7:$B$306,$A14,Compras!$I$7:$I$306,"Sim",Compras!$A$7:$A$306,">="&Listas!$L$2,Compras!$A$7:$A$306,"<="&Listas!$L$3)/(COUNTIFS(Compras!$B$7:$B$306,$A14,Compras!$I$7:$I$306,"Sim",Compras!$A$7:$A$306,">="&Listas!$L$2,Compras!$A$7:$A$306,"<="&Listas!$L$3)+COUNTIFS(Compras!$B$7:$B$306,$A14,Compras!$I$7:$I$306,"Não",Compras!$A$7:$A$306,">="&Listas!$L$2,Compras!$A$7:$A$306,"<="&Listas!$L$3))) | W14: =IF(COUNT($N14:$P14)<3,"",ROUND(($N14*0.35+$O14*0.35+$P14*0.3)*(1-IF($U14="",0,$U14)),2)) | X14: =IF($S14=0,"",SUMPRODUCT(MAX((Compras!$B$7:$B$306=$A14)*Compras!$A$7:$A$306)))
Q15: =SUMIFS(Compras!$F$7:$F$306,Compras!$B$7:$B$306,$A15,Compras!$A$7:$A$306,">="&Listas!$L$2,Compras!$A$7:$A$306,"<="&Listas!$L$3) | R15: =IF($Q$67=0,"",$Q15/$Q$67) | S15: =COUNTIFS(Compras!$B$7:$B$306,$A15,Compras!$A$7:$A$306,">="&Listas!$L$2,Compras!$A$7:$A$306,"<="&Listas!$L$3) | T15: =COUNTIFS(Ocorrências!$B$7:$B$156,$A15,Ocorrências!$A$7:$A$156,">="&Listas!$L$2,Ocorrências!$A$7:$A$156,"<="&Listas!$L$3) | U15: =IF($S15=0,"",$T15/$S15) | V15: =IF(COUNTIFS(Compras!$B$7:$B$306,$A15,Compras!$I$7:$I$306,"Sim",Compras!$A$7:$A$306,">="&Listas!$L$2,Compras!$A$7:$A$306,"<="&Listas!$L$3)+COUNTIFS(Compras!$B$7:$B$306,$A15,Compras!$I$7:$I$306,"Não",Compras!$A$7:$A$306,">="&Listas!$L$2,Compras!$A$7:$A$306,"<="&Listas!$L$3)=0,"",COUNTIFS(Compras!$B$7:$B$306,$A15,Compras!$I$7:$I$306,"Sim",Compras!$A$7:$A$306,">="&Listas!$L$2,Compras!$A$7:$A$306,"<="&Listas!$L$3)/(COUNTIFS(Compras!$B$7:$B$306,$A15,Compras!$I$7:$I$306,"Sim",Compras!$A$7:$A$306,">="&Listas!$L$2,Compras!$A$7:$A$306,"<="&Listas!$L$3)+COUNTIFS(Compras!$B$7:$B$306,$A15,Compras!$I$7:$I$306,"Não",Compras!$A$7:$A$306,">="&Listas!$L$2,Compras!$A$7:$A$306,"<="&Listas!$L$3))) | W15: =IF(COUNT($N15:$P15)<3,"",ROUND(($N15*0.35+$O15*0.35+$P15*0.3)*(1-IF($U15="",0,$U15)),2)) | X15: =IF($S15=0,"",SUMPRODUCT(MAX((Compras!$B$7:$B$306=$A15)*Compras!$A$7:$A$306)))
Q16: =SUMIFS(Compras!$F$7:$F$306,Compras!$B$7:$B$306,$A16,Compras!$A$7:$A$306,">="&Listas!$L$2,Compras!$A$7:$A$306,"<="&Listas!$L$3) | R16: =IF($Q$67=0,"",$Q16/$Q$67) | S16: =COUNTIFS(Compras!$B$7:$B$306,$A16,Compras!$A$7:$A$306,">="&Listas!$L$2,Compras!$A$7:$A$306,"<="&Listas!$L$3) | T16: =COUNTIFS(Ocorrências!$B$7:$B$156,$A16,Ocorrências!$A$7:$A$156,">="&Listas!$L$2,Ocorrências!$A$7:$A$156,"<="&Listas!$L$3) | U16: =IF($S16=0,"",$T16/$S16) | V16: =IF(COUNTIFS(Compras!$B$7:$B$306,$A16,Compras!$I$7:$I$306,"Sim",Compras!$A$7:$A$306,">="&Listas!$L$2,Compras!$A$7:$A$306,"<="&Listas!$L$3)+COUNTIFS(Compras!$B$7:$B$306,$A16,Compras!$I$7:$I$306,"Não",Compras!$A$7:$A$306,">="&Listas!$L$2,Compras!$A$7:$A$306,"<="&Listas!$L$3)=0,"",COUNTIFS(Compras!$B$7:$B$306,$A16,Compras!$I$7:$I$306,"Sim",Compras!$A$7:$A$306,">="&Listas!$L$2,Compras!$A$7:$A$306,"<="&Listas!$L$3)/(COUNTIFS(Compras!$B$7:$B$306,$A16,Compras!$I$7:$I$306,"Sim",Compras!$A$7:$A$306,">="&Listas!$L$2,Compras!$A$7:$A$306,"<="&Listas!$L$3)+COUNTIFS(Compras!$B$7:$B$306,$A16,Compras!$I$7:$I$306,"Não",Compras!$A$7:$A$306,">="&Listas!$L$2,Compras!$A$7:$A$306,"<="&Listas!$L$3))) | W16: =IF(COUNT($N16:$P16)<3,"",ROUND(($N16*0.35+$O16*0.35+$P16*0.3)*(1-IF($U16="",0,$U16)),2)) | X16: =IF($S16=0,"",SUMPRODUCT(MAX((Compras!$B$7:$B$306=$A16)*Compras!$A$7:$A$306)))
Q17: =SUMIFS(Compras!$F$7:$F$306,Compras!$B$7:$B$306,$A17,Compras!$A$7:$A$306,">="&Listas!$L$2,Compras!$A$7:$A$306,"<="&Listas!$L$3) | R17: =IF($Q$67=0,"",$Q17/$Q$67) | S17: =COUNTIFS(Compras!$B$7:$B$306,$A17,Compras!$A$7:$A$306,">="&Listas!$L$2,Compras!$A$7:$A$306,"<="&Listas!$L$3) | T17: =COUNTIFS(Ocorrências!$B$7:$B$156,$A17,Ocorrências!$A$7:$A$156,">="&Listas!$L$2,Ocorrências!$A$7:$A$156,"<="&Listas!$L$3) | U17: =IF($S17=0,"",$T17/$S17) | V17: =IF(COUNTIFS(Compras!$B$7:$B$306,$A17,Compras!$I$7:$I$306,"Sim",Compras!$A$7:$A$306,">="&Listas!$L$2,Compras!$A$7:$A$306,"<="&Listas!$L$3)+COUNTIFS(Compras!$B$7:$B$306,$A17,Compras!$I$7:$I$306,"Não",Compras!$A$7:$A$306,">="&Listas!$L$2,Compras!$A$7:$A$306,"<="&Listas!$L$3)=0,"",COUNTIFS(Compras!$B$7:$B$306,$A17,Compras!$I$7:$I$306,"Sim",Compras!$A$7:$A$306,">="&Listas!$L$2,Compras!$A$7:$A$306,"<="&Listas!$L$3)/(COUNTIFS(Compras!$B$7:$B$306,$A17,Compras!$I$7:$I$306,"Sim",Compras!$A$7:$A$306,">="&Listas!$L$2,Compras!$A$7:$A$306,"<="&Listas!$L$3)+COUNTIFS(Compras!$B$7:$B$306,$A17,Compras!$I$7:$I$306,"Não",Compras!$A$7:$A$306,">="&Listas!$L$2,Compras!$A$7:$A$306,"<="&Listas!$L$3))) | W17: =IF(COUNT($N17:$P17)<3,"",ROUND(($N17*0.35+$O17*0.35+$P17*0.3)*(1-IF($U17="",0,$U17)),2)) | X17: =IF($S17=0,"",SUMPRODUCT(MAX((Compras!$B$7:$B$306=$A17)*Compras!$A$7:$A$306)))
Q18: =SUMIFS(Compras!$F$7:$F$306,Compras!$B$7:$B$306,$A18,Compras!$A$7:$A$306,">="&Listas!$L$2,Compras!$A$7:$A$306,"<="&Listas!$L$3) | R18: =IF($Q$67=0,"",$Q18/$Q$67) | S18: =COUNTIFS(Compras!$B$7:$B$306,$A18,Compras!$A$7:$A$306,">="&Listas!$L$2,Compras!$A$7:$A$306,"<="&Listas!$L$3) | T18: =COUNTIFS(Ocorrências!$B$7:$B$156,$A18,Ocorrências!$A$7:$A$156,">="&Listas!$L$2,Ocorrências!$A$7:$A$156,"<="&Listas!$L$3) | U18: =IF($S18=0,"",$T18/$S18) | V18: =IF(COUNTIFS(Compras!$B$7:$B$306,$A18,Compras!$I$7:$I$306,"Sim",Compras!$A$7:$A$306,">="&Listas!$L$2,Compras!$A$7:$A$306,"<="&Listas!$L$3)+COUNTIFS(Compras!$B$7:$B$306,$A18,Compras!$I$7:$I$306,"Não",Compras!$A$7:$A$306,">="&Listas!$L$2,Compras!$A$7:$A$306,"<="&Listas!$L$3)=0,"",COUNTIFS(Compras!$B$7:$B$306,$A18,Compras!$I$7:$I$306,"Sim",Compras!$A$7:$A$306,">="&Listas!$L$2,Compras!$A$7:$A$306,"<="&Listas!$L$3)/(COUNTIFS(Compras!$B$7:$B$306,$A18,Compras!$I$7:$I$306,"Sim",Compras!$A$7:$A$306,">="&Listas!$L$2,Compras!$A$7:$A$306,"<="&Listas!$L$3)+COUNTIFS(Compras!$B$7:$B$306,$A18,Compras!$I$7:$I$306,"Não",Compras!$A$7:$A$306,">="&Listas!$L$2,Compras!$A$7:$A$306,"<="&Listas!$L$3))) | W18: =IF(COUNT($N18:$P18)<3,"",ROUND(($N18*0.35+$O18*0.35+$P18*0.3)*(1-IF($U18="",0,$U18)),2)) | X18: =IF($S18=0,"",SUMPRODUCT(MAX((Compras!$B$7:$B$306=$A18)*Compras!$A$7:$A$306)))
Q19: =SUMIFS(Compras!$F$7:$F$306,Compras!$B$7:$B$306,$A19,Compras!$A$7:$A$306,">="&Listas!$L$2,Compras!$A$7:$A$306,"<="&Listas!$L$3) | R19: =IF($Q$67=0,"",$Q19/$Q$67) | S19: =COUNTIFS(Compras!$B$7:$B$306,$A19,Compras!$A$7:$A$306,">="&Listas!$L$2,Compras!$A$7:$A$306,"<="&Listas!$L$3) | T19: =COUNTIFS(Ocorrências!$B$7:$B$156,$A19,Ocorrências!$A$7:$A$156,">="&Listas!$L$2,Ocorrências!$A$7:$A$156,"<="&Listas!$L$3) | U19: =IF($S19=0,"",$T19/$S19) | V19: =IF(COUNTIFS(Compras!$B$7:$B$306,$A19,Compras!$I$7:$I$306,"Sim",Compras!$A$7:$A$306,">="&Listas!$L$2,Compras!$A$7:$A$306,"<="&Listas!$L$3)+COUNTIFS(Compras!$B$7:$B$306,$A19,Compras!$I$7:$I$306,"Não",Compras!$A$7:$A$306,">="&Listas!$L$2,Compras!$A$7:$A$306,"<="&Listas!$L$3)=0,"",COUNTIFS(Compras!$B$7:$B$306,$A19,Compras!$I$7:$I$306,"Sim",Compras!$A$7:$A$306,">="&Listas!$L$2,Compras!$A$7:$A$306,"<="&Listas!$L$3)/(COUNTIFS(Compras!$B$7:$B$306,$A19,Compras!$I$7:$I$306,"Sim",Compras!$A$7:$A$306,">="&Listas!$L$2,Compras!$A$7:$A$306,"<="&Listas!$L$3)+COUNTIFS(Compras!$B$7:$B$306,$A19,Compras!$I$7:$I$306,"Não",Compras!$A$7:$A$306,">="&Listas!$L$2,Compras!$A$7:$A$306,"<="&Listas!$L$3))) | W19: =IF(COUNT($N19:$P19)<3,"",ROUND(($N19*0.35+$O19*0.35+$P19*0.3)*(1-IF($U19="",0,$U19)),2)) | X19: =IF($S19=0,"",SUMPRODUCT(MAX((Compras!$B$7:$B$306=$A19)*Compras!$A$7:$A$306)))
Q20: =SUMIFS(Compras!$F$7:$F$306,Compras!$B$7:$B$306,$A20,Compras!$A$7:$A$306,">="&Listas!$L$2,Compras!$A$7:$A$306,"<="&Listas!$L$3) | R20: =IF($Q$67=0,"",$Q20/$Q$67) | S20: =COUNTIFS(Compras!$B$7:$B$306,$A20,Compras!$A$7:$A$306,">="&Listas!$L$2,Compras!$A$7:$A$306,"<="&Listas!$L$3) | T20: =COUNTIFS(Ocorrências!$B$7:$B$156,$A20,Ocorrências!$A$7:$A$156,">="&Listas!$L$2,Ocorrências!$A$7:$A$156,"<="&Listas!$L$3) | U20: =IF($S20=0,"",$T20/$S20) | V20: =IF(COUNTIFS(Compras!$B$7:$B$306,$A20,Compras!$I$7:$I$306,"Sim",Compras!$A$7:$A$306,">="&Listas!$L$2,Compras!$A$7:$A$306,"<="&Listas!$L$3)+COUNTIFS(Compras!$B$7:$B$306,$A20,Compras!$I$7:$I$306,"Não",Compras!$A$7:$A$306,">="&Listas!$L$2,Compras!$A$7:$A$306,"<="&Listas!$L$3)=0,"",COUNTIFS(Compras!$B$7:$B$306,$A20,Compras!$I$7:$I$306,"Sim",Compras!$A$7:$A$306,">="&Listas!$L$2,Compras!$A$7:$A$306,"<="&Listas!$L$3)/(COUNTIFS(Compras!$B$7:$B$306,$A20,Compras!$I$7:$I$306,"Sim",Compras!$A$7:$A$306,">="&Listas!$L$2,Compras!$A$7:$A$306,"<="&Listas!$L$3)+COUNTIFS(Compras!$B$7:$B$306,$A20,Compras!$I$7:$I$306,"Não",Compras!$A$7:$A$306,">="&Listas!$L$2,Compras!$A$7:$A$306,"<="&Listas!$L$3))) | W20: =IF(COUNT($N20:$P20)<3,"",ROUND(($N20*0.35+$O20*0.35+$P20*0.3)*(1-IF($U20="",0,$U20)),2)) | X20: =IF($S20=0,"",SUMPRODUCT(MAX((Compras!$B$7:$B$306=$A20)*Compras!$A$7:$A$306)))
Q21: =SUMIFS(Compras!$F$7:$F$306,Compras!$B$7:$B$306,$A21,Compras!$A$7:$A$306,">="&Listas!$L$2,Compras!$A$7:$A$306,"<="&Listas!$L$3) | R21: =IF($Q$67=0,"",$Q21/$Q$67) | S21: =COUNTIFS(Compras!$B$7:$B$306,$A21,Compras!$A$7:$A$306,">="&Listas!$L$2,Compras!$A$7:$A$306,"<="&Listas!$L$3) | T21: =COUNTIFS(Ocorrências!$B$7:$B$156,$A21,Ocorrências!$A$7:$A$156,">="&Listas!$L$2,Ocorrências!$A$7:$A$156,"<="&Listas!$L$3) | U21: =IF($S21=0,"",$T21/$S21) | V21: =IF(COUNTIFS(Compras!$B$7:$B$306,$A21,Compras!$I$7:$I$306,"Sim",Compras!$A$7:$A$306,">="&Listas!$L$2,Compras!$A$7:$A$306,"<="&Listas!$L$3)+COUNTIFS(Compras!$B$7:$B$306,$A21,Compras!$I$7:$I$306,"Não",Compras!$A$7:$A$306,">="&Listas!$L$2,Compras!$A$7:$A$306,"<="&Listas!$L$3)=0,"",COUNTIFS(Compras!$B$7:$B$306,$A21,Compras!$I$7:$I$306,"Sim",Compras!$A$7:$A$306,">="&Listas!$L$2,Compras!$A$7:$A$306,"<="&Listas!$L$3)/(COUNTIFS(Compras!$B$7:$B$306,$A21,Compras!$I$7:$I$306,"Sim",Compras!$A$7:$A$306,">="&Listas!$L$2,Compras!$A$7:$A$306,"<="&Listas!$L$3)+COUNTIFS(Compras!$B$7:$B$306,$A21,Compras!$I$7:$I$306,"Não",Compras!$A$7:$A$306,">="&Listas!$L$2,Compras!$A$7:$A$306,"<="&Listas!$L$3))) | W21: =IF(COUNT($N21:$P21)<3,"",ROUND(($N21*0.35+$O21*0.35+$P21*0.3)*(1-IF($U21="",0,$U21)),2)) | X21: =IF($S21=0,"",SUMPRODUCT(MAX((Compras!$B$7:$B$306=$A21)*Compras!$A$7:$A$306)))
Q22: =SUMIFS(Compras!$F$7:$F$306,Compras!$B$7:$B$306,$A22,Compras!$A$7:$A$306,">="&Listas!$L$2,Compras!$A$7:$A$306,"<="&Listas!$L$3) | R22: =IF($Q$67=0,"",$Q22/$Q$67) | S22: =COUNTIFS(Compras!$B$7:$B$306,$A22,Compras!$A$7:$A$306,">="&Listas!$L$2,Compras!$A$7:$A$306,"<="&Listas!$L$3) | T22: =COUNTIFS(Ocorrências!$B$7:$B$156,$A22,Ocorrências!$A$7:$A$156,">="&Listas!$L$2,Ocorrências!$A$7:$A$156,"<="&Listas!$L$3) | U22: =IF($S22=0,"",$T22/$S22) | V22: =IF(COUNTIFS(Compras!$B$7:$B$306,$A22,Compras!$I$7:$I$306,"Sim",Compras!$A$7:$A$306,">="&Listas!$L$2,Compras!$A$7:$A$306,"<="&Listas!$L$3)+COUNTIFS(Compras!$B$7:$B$306,$A22,Compras!$I$7:$I$306,"Não",Compras!$A$7:$A$306,">="&Listas!$L$2,Compras!$A$7:$A$306,"<="&Listas!$L$3)=0,"",COUNTIFS(Compras!$B$7:$B$306,$A22,Compras!$I$7:$I$306,"Sim",Compras!$A$7:$A$306,">="&Listas!$L$2,Compras!$A$7:$A$306,"<="&Listas!$L$3)/(COUNTIFS(Compras!$B$7:$B$306,$A22,Compras!$I$7:$I$306,"Sim",Compras!$A$7:$A$306,">="&Listas!$L$2,Compras!$A$7:$A$306,"<="&Listas!$L$3)+COUNTIFS(Compras!$B$7:$B$306,$A22,Compras!$I$7:$I$306,"Não",Compras!$A$7:$A$306,">="&Listas!$L$2,Compras!$A$7:$A$306,"<="&Listas!$L$3))) | W22: =IF(COUNT($N22:$P22)<3,"",ROUND(($N22*0.35+$O22*0.35+$P22*0.3)*(1-IF($U22="",0,$U22)),2)) | X22: =IF($S22=0,"",SUMPRODUCT(MAX((Compras!$B$7:$B$306=$A22)*Compras!$A$7:$A$306)))
Q23: =SUMIFS(Compras!$F$7:$F$306,Compras!$B$7:$B$306,$A23,Compras!$A$7:$A$306,">="&Listas!$L$2,Compras!$A$7:$A$306,"<="&Listas!$L$3) | R23: =IF($Q$67=0,"",$Q23/$Q$67) | S23: =COUNTIFS(Compras!$B$7:$B$306,$A23,Compras!$A$7:$A$306,">="&Listas!$L$2,Compras!$A$7:$A$306,"<="&Listas!$L$3) | T23: =COUNTIFS(Ocorrências!$B$7:$B$156,$A23,Ocorrências!$A$7:$A$156,">="&Listas!$L$2,Ocorrências!$A$7:$A$156,"<="&Listas!$L$3) | U23: =IF($S23=0,"",$T23/$S23) | V23: =IF(COUNTIFS(Compras!$B$7:$B$306,$A23,Compras!$I$7:$I$306,"Sim",Compras!$A$7:$A$306,">="&Listas!$L$2,Compras!$A$7:$A$306,"<="&Listas!$L$3)+COUNTIFS(Compras!$B$7:$B$306,$A23,Compras!$I$7:$I$306,"Não",Compras!$A$7:$A$306,">="&Listas!$L$2,Compras!$A$7:$A$306,"<="&Listas!$L$3)=0,"",COUNTIFS(Compras!$B$7:$B$306,$A23,Compras!$I$7:$I$306,"Sim",Compras!$A$7:$A$306,">="&Listas!$L$2,Compras!$A$7:$A$306,"<="&Listas!$L$3)/(COUNTIFS(Compras!$B$7:$B$306,$A23,Compras!$I$7:$I$306,"Sim",Compras!$A$7:$A$306,">="&Listas!$L$2,Compras!$A$7:$A$306,"<="&Listas!$L$3)+COUNTIFS(Compras!$B$7:$B$306,$A23,Compras!$I$7:$I$306,"Não",Compras!$A$7:$A$306,">="&Listas!$L$2,Compras!$A$7:$A$306,"<="&Listas!$L$3))) | W23: =IF(COUNT($N23:$P23)<3,"",ROUND(($N23*0.35+$O23*0.35+$P23*0.3)*(1-IF($U23="",0,$U23)),2)) | X23: =IF($S23=0,"",SUMPRODUCT(MAX((Compras!$B$7:$B$306=$A23)*Compras!$A$7:$A$306)))
... Q66: =SUMIFS(Compras!$F$7:$F$306,Compras!$B$7:$B$306,$A66,Compras!$A$7:$A$306,">="&Listas!$L$2,Compras!$A$7:$A$306,"<="&Listas!$L$3) | R66: =IF($Q$67=0,"",$Q66/$Q$67) | S66: =COUNTIFS(Compras!$B$7:$B$306,$A66,Compras!$A$7:$A$306,">="&Listas!$L$2,Compras!$A$7:$A$306,"<="&Listas!$L$3) | T66: =COUNTIFS(Ocorrências!$B$7:$B$156,$A66,Ocorrências!$A$7:$A$156,">="&Listas!$L$2,Ocorrências!$A$7:$A$156,"<="&Listas!$L$3) | U66: =IF($S66=0,"",$T66/$S66) | V66: =IF(COUNTIFS(Compras!$B$7:$B$306,$A66,Compras!$I$7:$I$306,"Sim",Compras!$A$7:$A$306,">="&Listas!$L$2,Compras!$A$7:$A$306,"<="&Listas!$L$3)+COUNTIFS(Compras!$B$7:$B$306,$A66,Compras!$I$7:$I$306,"Não",Compras!$A$7:$A$306,">="&Listas!$L$2,Compras!$A$7:$A$306,"<="&Listas!$L$3)=0,"",COUNTIFS(Compras!$B$7:$B$306,$A66,Compras!$I$7:$I$306,"Sim",Compras!$A$7:$A$306,">="&Listas!$L$2,Compras!$A$7:$A$306,"<="&Listas!$L$3)/(COUNTIFS(Compras!$B$7:$B$306,$A66,Compras!$I$7:$I$306,"Sim",Compras!$A$7:$A$306,">="&Listas!$L$2,Compras!$A$7:$A$306,"<="&Listas!$L$3)+COUNTIFS(Compras!$B$7:$B$306,$A66,Compras!$I$7:$I$306,"Não",Compras!$A$7:$A$306,">="&Listas!$L$2,Compras!$A$7:$A$306,"<="&Listas!$L$3))) | W66: =IF(COUNT($N66:$P66)<3,"",ROUND(($N66*0.35+$O66*0.35+$P66*0.3)*(1-IF($U66="",0,$U66)),2)) | X66: =IF($S66=0,"",SUMPRODUCT(MAX((Compras!$B$7:$B$306=$A66)*Compras!$A$7:$A$306)))
A67: TOTAL DO PERÍODO | Q67: =SUM(Q7:Q66) | R67: =IF($Q$67=0,"",1) | S67: =SUM(S7:S66) | T67: =SUM(T7:T66) | U67: =IF($S$67=0,"",$T$67/$S$67)
A69: COMO USAR ESTA ABA
A70: 1. Células de fundo creme são de preenchimento manual. As de fundo cinza-azulado são calculadas — não editar.
A71: 2. Preço, Atendimento e Qualidade são notas de 1 a 5 que você atribui. Todo o resto é medido a partir dos lançamentos.
A72: 3. % de compra, índice de problemas, entregas no prazo e última compra saem das abas Compras e Ocorrências.
A73: 4. O período de análise é controlado por duas datas na aba Listas — mude lá e o painel inteiro se recorta.
A74: 5. Concentração acima de 40% num único fornecedor fica destacada em âmbar. Índice de problemas acima de 20%, em vermelho.

Sheet Compras
A1: VALVIC MARCENARIA
A2: Vargas Decor Ltda · CNPJ 17.269.304/0001-51 · Belo Horizonte / MG
A3: COMPRAS
A4: Uma linha por compra · é daqui que saem o volume, o percentual e a pontualidade de cada fornecedor
A6: Data | B6: Cód. fornecedor | C6: Fornecedor | D6: Nota fiscal / pedido | E6: Projeto ou obra | F6: Valor | G6: Prazo prometido | H6: Data de entrega | I6: No prazo? | J6: Forma de pagamento | K6: Observações
C7: =IFERROR(INDEX(Fornecedores!$B$7:$B$66,MATCH($B7,Fornecedores!$A$7:$A$66,0)),"") | I7: =IF(OR($G7="",$H7=""),"",IF($H7<=$G7,"Sim","Não"))
C8: =IFERROR(INDEX(Fornecedores!$B$7:$B$66,MATCH($B8,Fornecedores!$A$7:$A$66,0)),"") | I8: =IF(OR($G8="",$H8=""),"",IF($H8<=$G8,"Sim","Não"))
C9: =IFERROR(INDEX(Fornecedores!$B$7:$B$66,MATCH($B9,Fornecedores!$A$7:$A$66,0)),"") | I9: =IF(OR($G9="",$H9=""),"",IF($H9<=$G9,"Sim","Não"))
C10: =IFERROR(INDEX(Fornecedores!$B$7:$B$66,MATCH($B10,Fornecedores!$A$7:$A$66,0)),"") | I10: =IF(OR($G10="",$H10=""),"",IF($H10<=$G10,"Sim","Não"))
C11: =IFERROR(INDEX(Fornecedores!$B$7:$B$66,MATCH($B11,Fornecedores!$A$7:$A$66,0)),"") | I11: =IF(OR($G11="",$H11=""),"",IF($H11<=$G11,"Sim","Não"))
C12: =IFERROR(INDEX(Fornecedores!$B$7:$B$66,MATCH($B12,Fornecedores!$A$7:$A$66,0)),"") | I12: =IF(OR($G12="",$H12=""),"",IF($H12<=$G12,"Sim","Não"))
C13: =IFERROR(INDEX(Fornecedores!$B$7:$B$66,MATCH($B13,Fornecedores!$A$7:$A$66,0)),"") | I13: =IF(OR($G13="",$H13=""),"",IF($H13<=$G13,"Sim","Não"))
C14: =IFERROR(INDEX(Fornecedores!$B$7:$B$66,MATCH($B14,Fornecedores!$A$7:$A$66,0)),"") | I14: =IF(OR($G14="",$H14=""),"",IF($H14<=$G14,"Sim","Não"))
C15: =IFERROR(INDEX(Fornecedores!$B$7:$B$66,MATCH($B15,Fornecedores!$A$7:$A$66,0)),"") | I15: =IF(OR($G15="",$H15=""),"",IF($H15<=$G15,"Sim","Não"))
C16: =IFERROR(INDEX(Fornecedores!$B$7:$B$66,MATCH($B16,Fornecedores!$A$7:$A$66,0)),"") | I16: =IF(OR($G16="",$H16=""),"",IF($H16<=$G16,"Sim","Não"))
C17: =IFERROR(INDEX(Fornecedores!$B$7:$B$66,MATCH($B17,Fornecedores!$A$7:$A$66,0)),"") | I17: =IF(OR($G17="",$H17=""),"",IF($H17<=$G17,"Sim","Não"))
C18: =IFERROR(INDEX(Fornecedores!$B$7:$B$66,MATCH($B18,Fornecedores!$A$7:$A$66,0)),"") | I18: =IF(OR($G18="",$H18=""),"",IF($H18<=$G18,"Sim","Não"))
... C306: =IFERROR(INDEX(Fornecedores!$B$7:$B$66,MATCH($B306,Fornecedores!$A$7:$A$66,0)),"") | I306: =IF(OR($G306="",$H306=""),"",IF($H306<=$G306,"Sim","Não"))

Sheet Ocorrências
A1: VALVIC MARCENARIA
A2: Vargas Decor Ltda · CNPJ 17.269.304/0001-51 · Belo Horizonte / MG
A3: OCORRÊNCIAS
A4: Todo problema registrado aqui alimenta o índice de problemas do fornecedor
A6: Data | B6: Cód. fornecedor | C6: Fornecedor | D6: Nota fiscal / pedido | E6: Tipo de ocorrência | F6: Gravidade | G6: O que aconteceu | H6: Providência tomada | I6: Resolvido? | J6: Data da solução
C7: =IFERROR(INDEX(Fornecedores!$B$7:$B$66,MATCH($B7,Fornecedores!$A$7:$A$66,0)),"")
C8: =IFERROR(INDEX(Fornecedores!$B$7:$B$66,MATCH($B8,Fornecedores!$A$7:$A$66,0)),"")
C9: =IFERROR(INDEX(Fornecedores!$B$7:$B$66,MATCH($B9,Fornecedores!$A$7:$A$66,0)),"")
C10: =IFERROR(INDEX(Fornecedores!$B$7:$B$66,MATCH($B10,Fornecedores!$A$7:$A$66,0)),"")
C11: =IFERROR(INDEX(Fornecedores!$B$7:$B$66,MATCH($B11,Fornecedores!$A$7:$A$66,0)),"")
C12: =IFERROR(INDEX(Fornecedores!$B$7:$B$66,MATCH($B12,Fornecedores!$A$7:$A$66,0)),"")
C13: =IFERROR(INDEX(Fornecedores!$B$7:$B$66,MATCH($B13,Fornecedores!$A$7:$A$66,0)),"")
C14: =IFERROR(INDEX(Fornecedores!$B$7:$B$66,MATCH($B14,Fornecedores!$A$7:$A$66,0)),"")
C15: =IFERROR(INDEX(Fornecedores!$B$7:$B$66,MATCH($B15,Fornecedores!$A$7:$A$66,0)),"")
C16: =IFERROR(INDEX(Fornecedores!$B$7:$B$66,MATCH($B16,Fornecedores!$A$7:$A$66,0)),"")
C17: =IFERROR(INDEX(Fornecedores!$B$7:$B$66,MATCH($B17,Fornecedores!$A$7:$A$66,0)),"")
C18: =IFERROR(INDEX(Fornecedores!$B$7:$B$66,MATCH($B18,Fornecedores!$A$7:$A$66,0)),"")
... C156: =IFERROR(INDEX(Fornecedores!$B$7:$B$66,MATCH($B156,Fornecedores!$A$7:$A$66,0)),"")

Sheet Ficha do Fornecedor
A1: VALVIC MARCENARIA
A2: Vargas Decor Ltda · CNPJ 17.269.304/0001-51 · Belo Horizonte / MG
A3: FICHA DO FORNECEDOR
A4: Escolha o código no campo abaixo — todo o restante é preenchido sozinho
A6: FORNECEDOR
A7: Código | B7: FOR-001 | C7: =IFERROR(INDEX(Fornecedores!$B$7:$B$66,MATCH($B$7,Fornecedores!$A$7:$A$66,0)),"— código não encontrado —")
A9: IDENTIFICAÇÃO
A10: Segmento | B10: =IFERROR(INDEX(Fornecedores!$C$7:$C$66,MATCH($B$7,Fornecedores!$A$7:$A$66,0)),"")
A11: Insumos que fornece | B11: =IFERROR(INDEX(Fornecedores!$D$7:$D$66,MATCH($B$7,Fornecedores!$A$7:$A$66,0)),"")
A12: CNPJ | B12: =IFERROR(INDEX(Fornecedores!$E$7:$E$66,MATCH($B$7,Fornecedores!$A$7:$A$66,0)),"")
A13: Situação | B13: =IFERROR(INDEX(Fornecedores!$M$7:$M$66,MATCH($B$7,Fornecedores!$A$7:$A$66,0)),"")
A15: CONTATO
A16: Vendedor | B16: =IFERROR(INDEX(Fornecedores!$F$7:$F$66,MATCH($B$7,Fornecedores!$A$7:$A$66,0)),"")
A17: Contato / WhatsApp | B17: =IFERROR(INDEX(Fornecedores!$G$7:$G$66,MATCH($B$7,Fornecedores!$A$7:$A$66,0)),"")
A18: E-mail | B18: =IFERROR(INDEX(Fornecedores!$H$7:$H$66,MATCH($B$7,Fornecedores!$A$7:$A$66,0)),"")
A20: PAGAMENTO
A21: Chave PIX | B21: =IFERROR(INDEX(Fornecedores!$I$7:$I$66,MATCH($B$7,Fornecedores!$A$7:$A$66,0)),"")
A22: Tipo da chave | B22: =IFERROR(INDEX(Fornecedores!$J$7:$J$66,MATCH($B$7,Fornecedores!$A$7:$A$66,0)),"")
A23: Métodos aceitos | B23: =IFERROR(INDEX(Fornecedores!$K$7:$K$66,MATCH($B$7,Fornecedores!$A$7:$A$66,0)),"")
A24: Condição padrão | B24: =IFERROR(INDEX(Fornecedores!$L$7:$L$66,MATCH($B$7,Fornecedores!$A$7:$A$66,0)),"")
A26: AVALIAÇÃO E HISTÓRICO notas de 1 a 5 · demais números medidos no período
A27: Preço | B27: =IFERROR(INDEX(Fornecedores!$N$7:$N$66,MATCH($B$7,Fornecedores!$A$7:$A$66,0)),"") | D27: Atendimento | E27: =IFERROR(INDEX(Fornecedores!$O$7:$O$66,MATCH($B$7,Fornecedores!$A$7:$A$66,0)),"")
A28: Qualidade | B28: =IFERROR(INDEX(Fornecedores!$P$7:$P$66,MATCH($B$7,Fornecedores!$A$7:$A$66,0)),"") | D28: Score geral | E28: =IFERROR(INDEX(Fornecedores!$W$7:$W$66,MATCH($B$7,Fornecedores!$A$7:$A$66,0)),"")
A29: Compras no período | B29: =IFERROR(INDEX(Fornecedores!$Q$7:$Q$66,MATCH($B$7,Fornecedores!$A$7:$A$66,0)),"") | D29: % de compra | E29: =IFERROR(INDEX(Fornecedores!$R$7:$R$66,MATCH($B$7,Fornecedores!$A$7:$A$66,0)),"")
A30: Nº de compras | B30: =IFERROR(INDEX(Fornecedores!$S$7:$S$66,MATCH($B$7,Fornecedores!$A$7:$A$66,0)),"") | D30: Ocorrências | E30: =IFERROR(INDEX(Fornecedores!$T$7:$T$66,MATCH($B$7,Fornecedores!$A$7:$A$66,0)),"")
A31: Índice de problemas | B31: =IFERROR(INDEX(Fornecedores!$U$7:$U$66,MATCH($B$7,Fornecedores!$A$7:$A$66,0)),"") | D31: Entregas no prazo | E31: =IFERROR(INDEX(Fornecedores!$V$7:$V$66,MATCH($B$7,Fornecedores!$A$7:$A$66,0)),"")
A32: Última compra | B32: =IFERROR(INDEX(Fornecedores!$X$7:$X$66,MATCH($B$7,Fornecedores!$A$7:$A$66,0)),"")
A34: PONTOS DE ATENÇÃO
A35: =IFERROR(INDEX(Fornecedores!$Y$7:$Y$66,MATCH($B$7,Fornecedores!$A$7:$A$66,0)),"")
A40: Ficha gerada a partir do cadastro de fornecedores · os indicadores refletem o período definido na aba Listas.

Sheet Listas
A1: Segmento | B1: Método de pagamento | C1: Condição de pagamento | D1: Situação | E1: Tipo de chave PIX | F1: Tipo de ocorrência | G1: Gravidade | H1: Sim / Não | I1: Nota (1 a 5) | K1: Período de análise
A2: Chapas e madeiras | B2: PIX | C2: À vista | D2: Ativo | E2: CNPJ | F2: Atraso na entrega | G2: Baixa | H2: Sim | I2: 1 | K2: Data inicial | L2: =DATE(YEAR(TODAY()),1,1)
A3: Ferragens e acessórios | B3: Boleto | C3: 7 dias | D3: Em avaliação | E3: CPF | F3: Item errado | G3: Média | H3: Não | I3: 2 | K3: Data final | L3: =TODAY()
A4: Fitas de borda | B4: Cartão de crédito | C4: 14 dias | D4: Preferencial | E4: Telefone | F4: Quantidade divergente | G4: Alta | I4: 3
A5: Colas e adesivos | B5: Transferência | C5: 28 dias | D5: Restrito | E5: E-mail | F5: Avaria no transporte | I5: 4 | K5: Altere estas duas datas para recortar o período de todo o painel.
A6: Iluminação | B6: Dinheiro | C6: 30 dias | D6: Bloqueado | E6: Chave aleatória | F6: Qualidade abaixo do padrão | I6: 5
A7: Vidros e espelhos | B7: PIX ou boleto | C7: 30/60 | D7: Inativo | F7: Cobrança indevida | K7: Como o score é calculado
A8: Pedras e superfícies | B8: Boleto ou cartão | C8: 30/60/90 | F8: Nota fiscal incorreta | K8: Score = (Preço × 35% + Atendimento × 35% + Qualidade × 30%) × (1 − índice de problemas)
A9: Tintas e acabamentos | B9: Diversos | C9: Parcelado no cartão | F9: Falta de retorno do vendedor | K9: As três notas são de 1 a 5 e você atribui. O índice de problemas é medido, não opinado.
A10: Ferramentas e consumíveis | C10: A combinar | F10: Outro | K10: Um fornecedor nota 5 em tudo com 20% de problemas cai para 4,00 — o histórico pesa.
A11: Serviços terceirizados
A12: Máquinas e equipamentos
A13: Logística e transporte
A14: Outros
